{"or": {"epoca": [0, 1, 2, 3], "errores": {"patron_1": [3, 0, -1, 0], "patron_2": [2, 0, 0, 0], "patron_3": [3, 1, 1, 0], "patron_4": [5, 5, 5, 0]}, "pesos": {"w0": [0.24, -0.26, 0.24, 0.24], "w1": [0.54, 0.54, 0.54, 0.54], "w2": [0.04, 0.54, 0.54, 0.54]}}, "and": {"epoca": [0, 1, 2, 3, 4, 5, 6, 7, 8, 9, 10, 11], "errores": {"patron_1": [2, 0, -1, 0, 0, 0, 0, 0, 0, 0, 0, 0], "patron_2": [1, 0, 0, -1, 0, -1, 0, 0, 0, 0, -1, 0], "patron_3": [1, 0, 0, 0, 0, 0, -1, 0, -1, 0, 0, 0], "patron_4": [2, 1, 1, 1, 1, 1, 1, 1, 1, 1, 1, 0]}, "pesos": {"w0": [0.47, -0.030000000000000027, 0.47, 0.97, 0.47, 0.97, 1.47, 0.97, 1.47, 0.97, 1.47, 1.47], "w1": [0.12, 0.62, 0.62, 0.12, 0.62, 0.12, 0.12, 0.62, 0.62, 1.12, 0.6200000000000001, 0.6200000000000001], "w2": [0.08, 0.58, 0.58, 0.58, 1.08, 1.08, 0.5800000000000001, 1.08, 0.5800000000000001, 1.08, 1.08, 1.08]}}, "nand": {"epoca": [0, 1, 2, 3, 4, 5, 6, 7, 8, 9, 10, 11, 12, 13, 14, 15], "errores": {"patron_1": [4, 1, 1, 0, 1, 0, 1, 0, 0, 0, 0, 0, 0, 0, 0, 0], "patron_2": [4, 4, 4, 0, 0, 0, 0, 1, 0, 1, 0, 0, 0, 0, 1, 0], "patron_3": [5, 5, 5, 0, 0, 0, 0, 0, 0, 0, 1, 0, 1, 0, 0, 0], "patron_4": [3, 3, 3, -1, -1, -1, -1, -1, -1, -1, -1, -1, -1, -1, -1, 0]}, "pesos": {"w0": [0.77, 0.27, -0.22999999999999998, 0.27, -0.22999999999999998, 0.27, -0.22999999999999998, -0.73, -0.22999999999999998, -0.73, -1.23, -0.73, -1.23, -0.73, -1.23, -1.23], "w1": [0.62, 0.62, 0.62, 0.12, 0.12, -0.38, -0.38, 0.12, -0.38, 0.12, 0.12, -0.38, -0.38, -0.88, -0.38, -0.38], "w2": [0.48, 0.48, 0.48, -0.020000000000000018, -0.020000000000000018, -0.52, -0.52, -0.52, -1.02, -1.02, -0.52, -1.02, -0.52, -1.02, -1.02, -1.02]}}, "xor": {"entramiento1": {"epoca": [0, 1, 2, 3, 4, 5], "errores": {"patron_1": [2, 0, 0, 0, 0, 0], "patron_2": [1, 1, 0, 0, 1, 0], "patron_3": [2, 2, -1, 0, 0, 0], "patron_4": [3, 3, 3, -1, -1, 0]}, "pesos": {"w0": [0.72, 0.21999999999999997, 0.72, 1.22, 0.72, 0.72], "w1": [0.64, 1.1400000000000001, 1.1400000000000001, 0.6400000000000001, 1.1400000000000001, 1.1400000000000001], "w2": [0.36, 0.36, -0.14, -0.64, -0.64, -0.64]}}, "entramiento2": {"epoca": [0, 1, 2, 3], "errores": {"patron_1": [1, 0, 0, 0], "patron_2": [1, 0, -1, 0], "patron_3": [1, 1, 1, 0], "patron_4": [4, 4, 4, 0]}, "pesos": {"w0": [0.78, 0.28, 0.78, 0.78], "w1": [0.29, 0.29, -0.21000000000000002, -0.21000000000000002], "w2": [0.37, 0.87, 0.87, 0.87]}}, "entramiento3": {"epoca": [0, 1, 2], "errores": {"patron_1": [3, 0, 0], "patron_2": [3, 1, 0], "patron_3": [1, 1, 0], "patron_4": [5, 5, 0]}, "pesos": {"w0": [0.83, 0.32999999999999996, 0.32999999999999996], "w1": [0.72, 1.22, 1.22], "w2": [0.39, 0.39, 0.39]}}}}