{"or": {"epoca": [0, 1], "errores": {"patron_1": [5, 0], "patron_2": [1, 0], "patron_3": [5, 0], "patron_4": [3, 0]}, "pesos": {"w0": [0.34, 0.34], "w1": [0.78, 0.78], "w2": [0.61, 0.61]}}, "and": {"epoca": [0, 1, 2, 3, 4, 5, 6, 7, 8, 9, 10, 11, 12, 13, 14], "errores": {"patron_1": [5, 0, 0, 0, 0, 0, 0, 0, 0, 0, 0, 0, 0, 0, 0], "patron_2": [4, -1, 0, -1, 0, 0, -1, 0, -1, 0, 0, 0, 0, -1, 0], "patron_3": [3, 3, 0, 0, -1, 0, 0, 0, 0, -1, 0, -1, 0, 0, 0], "patron_4": [4, 4, 1, 1, 1, 1, 1, 1, 1, 1, 1, 1, 1, 1, 0]}, "pesos": {"w0": [0.0, 0.5, 0.0, 0.5, 1.0, 0.5, 1.0, 0.5, 1.0, 1.5, 1.0, 1.5, 1.0, 1.5, 1.5], "w1": [0.74, 0.24, 0.74, 0.24, 0.24, 0.74, 0.24, 0.74, 0.24, 0.24, 0.74, 0.74, 1.24, 0.74, 0.74], "w2": [0.12, 0.12, 0.62, 0.62, 0.12, 0.62, 0.62, 1.12, 1.12, 0.6200000000000001, 1.12, 0.6200000000000001, 1.12, 1.12, 1.12]}}, "nand": {"epoca": [0, 1, 2, 3, 4, 5, 6, 7, 8, 9, 10, 11, 12, 13, 14], "errores": {"patron_1": [2, 1, 0, 1, 0, 0, 0, 0, 0, 0, 0, 0, 0, 0, 0], "patron_2": [3, 3, 0, 0, 0, 0, 1, 0, 1, 0, 0, 0, 0, 1, 0], "patron_3": [3, 3, 0, 0, 1, 0, 0, 0, 0, 1, 0, 1, 0, 0, 0], "patron_4": [3, 3, -1, -1, -1, -1, -1, -1, -1, -1, -1, -1, -1, -1, 0]}, "pesos": {"w0": [0.28, -0.21999999999999997, 0.28, -0.21999999999999997, -0.72, -0.21999999999999997, -0.72, -0.21999999999999997, -0.72, -1.22, -0.72, -1.22, -0.72, -1.22, -1.22], "w1": [0.63, 0.63, 0.13, 0.13, 0.13, -0.37, 0.13, -0.37, 0.13, 0.13, -0.37, -0.37, -0.87, -0.37, -0.37], "w2": [0.13, 0.13, -0.37, -0.37, 0.13, -0.37, -0.37, -0.87, -0.87, -0.37, -0.87, -0.37, -0.87, -0.87, -0.87]}}, "xor": {"entramiento1": {"epoca": [0, 1, 2, 3, 4, 5, 6], "errores": {"patron_1": [5, 0, 0, 0, 0, 0, 0], "patron_2": [5, 0, 1, 0, 0, 1, 0], "patron_3": [4, -1, -1, -1, 0, 0, 0], "patron_4": [3, 3, 3, 3, -1, -1, 0]}, "pesos": {"w0": [0.09, 0.59, 0.08999999999999997, 0.59, 1.0899999999999999, 0.5899999999999999, 0.5899999999999999], "w1": [0.37, 0.37, 0.87, 0.87, 0.37, 0.87, 0.87], "w2": [0.82, 0.31999999999999995, 0.31999999999999995, -0.18000000000000005, -0.68, -0.68, -0.68]}}, "entramiento2": {"epoca": [0, 1, 2, 3, 4], "errores": {"patron_1": [4, 0, 0, 0, 0], "patron_2": [4, 0, 0, 0, 0], "patron_3": [2, 1, 0, 1, 0], "patron_4": [1, 1, -1, -1, 0]}, "pesos": {"w0": [0.84, 0.33999999999999997, 0.84, 0.33999999999999997, 0.33999999999999997], "w1": [0.22, 0.22, -0.28, -0.28, -0.28], "w2": [0.08, 0.58, 0.07999999999999996, 0.58, 0.58]}}, "entramiento3": {"epoca": [0, 1, 2], "errores": {"patron_1": [3, 0, 0], "patron_2": [4, 1, 0], "patron_3": [3, 3, 0], "patron_4": [5, 5, 0]}, "pesos": {"w0": [0.68, 0.18000000000000005, 0.18000000000000005], "w1": [0.59, 1.0899999999999999, 1.0899999999999999], "w2": [0.19, 0.19, 0.19]}}}}