{"or": [0.34, 0.78, 0.61], "and": [1.5, 0.74, 1.12], "nand": [-1.22, -0.37, -0.87], "xor": [[0.5899999999999999, 0.87, -0.68], [0.33999999999999997, -0.28, 0.58], [0.18000000000000005, 1.0899999999999999, 0.19]]}