{"or": [0.24, 0.54, 0.54], "and": [1.47, 0.6200000000000001, 1.08], "nand": [-1.23, -0.38, -1.02], "xor": [[0.72, 1.1400000000000001, -0.64], [0.78, -0.21000000000000002, 0.87], [0.32999999999999996, 1.22, 0.39]]}